5.2.64.0,5.2.79.255,4096,27/04/12,Liteserver Holding B.V.
5.10.64.0,5.10.127.255,16384,27/04/12,SoftLayer Dutch Holdings BV
5.79.64.0,5.79.127.255,16384,14/06/12,LeaseWeb Netherlands B.V.
5.101.96.0,5.101.111.255,4096,26/06/12,
5.104.112.0,5.104.127.255,4096,28/06/12,FBR Group B.V.
5.132.0.0,5.132.127.255,32768,02/07/12,T-Mobile Thuis BV
5.153.0.0,5.153.63.255,16384,19/07/12,SoftLayer Dutch Holdings BV
5.199.144.0,5.199.159.255,4096,28/08/12,KPN B.V.
5.200.0.0,5.200.31.255,8192,29/08/12,i3D.net B.V
5.206.208.0,5.206.223.255,4096,05/09/12,e-Quest IT Projecten B.V.
5.255.64.0,5.255.95.255,8192,14/09/12,Serverius Holding B.V.
5.255.96.0,5.255.127.255,8192,14/09/12,Liteserver Holding B.V.
23.83.112.0,23.83.127.255,4096,06/05/13,Servers.com B.V.
23.108.208.0,23.108.223.255,4096,24/07/13,Servers.com B.V.
23.109.0.0,23.109.255.255,65536,24/07/13,Servers.com B.V.
23.111.16.0,23.111.31.255,4096,24/07/13,Servers.com B.V.
23.111.80.0,23.111.95.255,4096,24/07/13,Servers.com B.V.
23.111.224.0,23.111.239.255,4096,24/07/13,Servers.com B.V.
24.132.0.0,24.132.127.255,32768,13/10/97,Ziggo Services B.V.
24.132.128.0,24.132.255.255,32768,17/01/00,Ziggo Services B.V.
31.5.0.0,31.5.255.255,65536,08/04/11,
31.20.0.0,31.21.255.255,131072,25/03/11,T-mobile Netherlands bv.
31.136.0.0,31.139.255.255,262144,01/03/11,Vodafone Libertel N.V
31.149.0.0,31.149.255.255,65536,16/02/11,KPN B.V.
31.151.0.0,31.151.255.255,65536,17/02/11,Ziggo Services B.V.
31.160.0.0,31.161.255.255,131072,16/02/11,KPN B.V.
31.184.64.0,31.184.127.255,16384,01/03/11,Tele2 Nederland B.V.
31.187.128.0,31.187.255.255,32768,25/03/11,T-mobile Netherlands bv.
31.192.112.0,31.192.127.255,4096,21/04/11,
31.201.0.0,31.201.255.255,65536,28/04/11,T-Mobile Thuis BV
31.204.128.0,31.204.159.255,8192,29/04/11,i3D.net B.V
31.223.160.0,31.223.175.255,4096,16/05/11,Signet B.V.
37.0.80.0,37.0.95.255,4096,08/12/11,Routit BV
37.10.0.0,37.10.63.255,16384,15/12/11,Booking.com BV
37.16.0.0,37.16.31.255,8192,16/12/11,mijndomein.nl BV
37.17.208.0,37.17.223.255,4096,19/12/11,Signet B.V.
37.18.0.0,37.18.15.255,4096,20/12/11,LeaderTelecom B.V.
37.18.96.0,37.18.127.255,8192,20/12/11,LeaderTelecom B.V.
37.48.64.0,37.48.127.255,16384,24/01/12,LeaseWeb Netherlands B.V.
37.58.64.0,37.58.127.255,16384,16/01/12,SoftLayer Dutch Holdings BV
37.72.96.0,37.72.111.255,4096,26/01/12,Dennis op de Weegh trading as Bitency
37.74.0.0,37.74.255.255,65536,27/01/12,KPN B.V.
37.97.128.0,37.97.255.255,32768,02/02/12,Transip B.V.
37.139.0.0,37.139.31.255,8192,24/02/12,
37.153.192.0,37.153.255.255,16384,13/03/12,Routit BV
37.188.64.0,37.188.79.255,4096,20/03/12,KPN B.V.
37.230.144.0,37.230.159.255,4096,11/04/12,LeaderTelecom B.V.
37.230.176.0,37.230.191.255,4096,11/04/12,LeaderTelecom B.V.
37.230.192.0,37.230.255.255,16384,11/04/12,LeaderTelecom B.V.
37.247.32.0,37.247.47.255,4096,17/04/12,NedZone Internet BV
37.251.0.0,37.251.127.255,32768,18/04/12,KPN B.V.
45.56.224.0,45.56.255.255,8192,30/01/15,
46.21.144.0,46.21.159.255,4096,04/11/10,
46.21.160.0,46.21.175.255,4096,04/11/10,Rijnstaete Group B.V.
46.21.224.0,46.21.239.255,4096,15/11/10,Byte B.V.
46.22.176.0,46.22.191.255,4096,29/11/10,Intermax BV
46.23.80.0,46.23.95.255,4096,02/12/10,High5! B.V.
46.38.192.0,46.38.223.255,8192,30/11/10,Trixit Holding B.V.
46.44.128.0,46.44.191.255,16384,27/08/10,Routit BV
46.101.0.0,46.101.255.255,65536,24/06/10,
46.129.0.0,46.129.255.255,65536,04/10/10,Ziggo Services B.V.
46.144.0.0,46.145.255.255,131072,04/10/10,KPN B.V.
46.149.16.0,46.149.31.255,4096,08/12/10,
46.166.128.0,46.166.159.255,8192,16/12/10,NForce Entertainment B.V.
46.166.176.0,46.166.191.255,4096,16/12/10,NForce Entertainment B.V.
46.229.160.0,46.229.175.255,4096,17/02/11,DataWeb Global Group B.V.
46.243.128.0,46.243.143.255,4096,28/12/10,LeaderTelecom B.V.
46.243.192.0,46.243.223.255,8192,28/12/10,LeaderTelecom B.V.
46.243.224.0,46.243.239.255,4096,28/12/10,LeaderTelecom B.V.
46.244.0.0,46.244.31.255,8192,28/12/10,A2B IP B.V.
46.244.48.0,46.244.63.255,4096,28/12/10,Netvisit B.V.
46.244.96.0,46.244.127.255,8192,28/12/10,A2B IP B.V.
46.249.32.0,46.249.63.255,8192,29/12/10,Serverius Holding B.V.
62.12.0.0,62.12.31.255,8192,15/05/97,KPN B.V.
62.21.128.0,62.21.255.255,32768,15/06/01,KPN B.V.
62.25.0.0,62.25.63.255,16384,29/03/00,KPN B.V.
62.32.32.0,62.32.63.255,8192,12/05/00,Globecomm Europe B.V.
62.41.0.0,62.41.255.255,65536,10/05/00,KPN B.V.
62.45.0.0,62.45.127.255,32768,09/06/00,CAIW Diensten B.V.
62.45.128.0,62.45.255.255,32768,01/03/01,CAIW Diensten B.V.
62.72.192.0,62.72.223.255,8192,04/07/00,Vodafone Libertel N.V
62.100.0.0,62.100.31.255,8192,16/07/97,Esprit Telecom B.V.
62.100.32.0,62.100.63.255,8192,30/05/00,Esprit Telecom B.V.
62.100.208.0,62.100.223.255,4096,09/07/08,A&F Networks B.V.
62.105.192.0,62.105.255.255,16384,16/10/02,GTT Netherlands B.V.
62.108.0.0,62.108.31.255,8192,30/07/97,Ziggo Services B.V.
62.109.192.0,62.109.255.255,16384,01/11/02,Webex Worldwide B.V.
62.112.160.0,62.112.191.255,8192,18/12/02,Capgemini Nederland B.V.
62.112.224.0,62.112.255.255,8192,20/12/02,Solvinity B.V.
62.129.128.0,62.129.159.255,8192,28/07/00,Virtual Access Internet BV
62.131.0.0,62.131.255.255,65536,21/11/00,KPN B.V.
62.133.64.0,62.133.127.255,16384,17/09/01,KPN B.V.
62.133.192.0,62.133.255.255,16384,21/02/03,Unilogic Networks B.V.
62.140.128.0,62.140.159.255,8192,26/06/00,Vodafone Libertel N.V
62.140.160.0,62.140.191.255,8192,28/03/03,Cofra Amsterdam C.V.
62.145.32.0,62.145.63.255,8192,11/12/02,Capgemini Nederland B.V.
62.145.192.0,62.145.255.255,16384,25/11/02,Ziggo B.V.
62.148.160.0,62.148.191.255,8192,30/12/02,Denit Internet Services BV
62.163.0.0,62.163.255.255,65536,27/11/00,Ziggo Services B.V.
62.165.64.0,62.165.127.255,16384,25/09/01,Previder B.V.
62.177.128.0,62.177.159.255,8192,18/08/00,Tele2 Nederland B.V.
62.177.160.0,62.177.191.255,8192,25/04/01,Tele2 Nederland B.V.
62.177.192.0,62.177.255.255,16384,25/04/01,Tele2 Nederland B.V.
62.179.0.0,62.179.255.255,65536,18/09/00,
62.192.64.0,62.192.95.255,8192,20/06/00,European Dynamics S.A.
62.192.96.0,62.192.127.255,8192,25/09/01,GTT Netherlands B.V.
62.194.0.0,62.195.255.255,131072,10/10/00,Ziggo Services B.V.
62.197.128.0,62.197.159.255,8192,23/08/00,Sitebytes BV
62.204.64.0,62.204.95.255,8192,22/06/00,Prolocation B.V.
62.207.0.0,62.207.255.255,65536,31/08/11,KPN B.V.
62.212.64.0,62.212.95.255,8192,22/06/00,LeaseWeb Netherlands B.V.
62.212.128.0,62.212.159.255,8192,27/06/00,Xenosite B.V.
62.216.0.0,62.216.31.255,8192,09/05/97,Xs4all Internet BV
62.221.192.0,62.221.223.255,8192,10/02/03,Integrated Internet Services B.V.
62.222.0.0,62.222.255.255,65536,27/10/00,Coolwave Communications B.V.
62.223.0.0,62.223.255.255,65536,21/03/01,Coolwave Communications B.V.
62.238.0.0,62.238.255.255,65536,02/11/00,ZeelandNet BV
62.250.0.0,62.250.255.255,65536,07/11/00,Versatel Nederland B.V.
62.251.0.0,62.251.127.255,32768,03/01/01,Xs4all Internet BV
67.22.32.0,67.22.47.255,4096,13/02/09,
77.60.0.0,77.63.255.255,262144,04/01/07,KPN B.V.
77.93.64.0,77.93.95.255,8192,15/05/07,Stichting Proxility
77.109.64.0,77.109.127.255,16384,18/01/07,
77.160.0.0,77.175.255.255,1048576,02/11/06,KPN B.V.
77.222.64.0,77.222.95.255,8192,10/04/07,Virtu Secure Webservices B.V.
77.233.32.0,77.233.63.255,8192,19/12/06,Caveo Internet BV
77.235.32.0,77.235.63.255,8192,16/01/07,
77.241.224.0,77.241.239.255,4096,14/02/07,Schiphol Telematics B.V.
77.242.112.0,77.242.127.255,4096,01/03/07,DataWeb B.V.
77.243.160.0,77.243.175.255,4096,14/03/07,Ericsson Telecommunicatie B.V.
77.243.224.0,77.243.239.255,4096,19/03/07,NedZone Internet BV
77.245.48.0,77.245.63.255,4096,17/04/07,Webair Internet Development company, Inc
77.245.80.0,77.245.95.255,4096,18/04/07,KPN Internedservices B.V.
77.248.0.0,77.251.255.255,262144,26/01/07,Ziggo Services B.V.
78.27.0.0,78.27.63.255,16384,05/09/07,Tele2 Nederland B.V.
78.103.0.0,78.103.255.255,65536,04/06/07,
78.108.128.0,78.108.143.255,4096,20/06/07,Signet B.V.
78.109.0.0,78.109.15.255,4096,03/07/07,
78.140.128.0,78.140.191.255,16384,29/06/07,Webzilla B.V.
78.141.224.0,78.141.255.255,8192,30/07/07,
78.152.32.0,78.152.63.255,8192,02/10/09,Hibernia Networks (Netherlands) BV
79.142.64.0,79.142.79.255,4096,11/08/10,AltusHost B.V.
79.143.208.0,79.143.223.255,4096,28/11/07,Global-e BV
80.56.0.0,80.57.255.255,131072,16/05/01,Ziggo Services B.V.
80.60.0.0,80.61.255.255,131072,15/06/01,KPN B.V.
80.64.240.0,80.64.255.255,4096,15/03/04,T-Systems Nederland B.V.
80.65.0.0,80.65.15.255,4096,11/05/01,InterXion Holding NV
80.65.96.0,80.65.111.255,4096,14/05/01,Previder B.V.
80.65.112.0,80.65.127.255,4096,25/09/01,Previder B.V.
80.69.64.0,80.69.79.255,4096,29/05/01,Transip B.V.
80.69.80.0,80.69.95.255,4096,05/10/04,Transip B.V.
80.73.128.0,80.73.143.255,4096,18/06/01,Network Operations B.V
80.79.32.0,80.79.47.255,4096,06/07/01,Ericsson Telecommunicatie B.V.
80.79.96.0,80.79.111.255,4096,11/07/01,KPN Corporate Market B.V.
80.79.192.0,80.79.207.255,4096,11/07/01,Info.nl/hf b.v.
80.82.64.0,80.82.79.255,4096,16/08/10,
80.84.224.0,80.84.239.255,4096,15/08/01,ProServe B.V.
80.84.240.0,80.84.255.255,4096,12/02/02,ProServe B.V.
80.85.32.0,80.85.47.255,4096,15/08/01,Zoranet Connectivity Services BV
80.85.128.0,80.85.143.255,4096,15/08/01,Interstroom Informatietechnologie BV
80.85.160.0,80.85.175.255,4096,15/08/01,VWE Bureau voor Voertuigdocumentatie en -informatie B.V.
80.89.224.0,80.89.239.255,4096,06/09/01,NovoServe B.V.
80.94.64.0,80.94.79.255,4096,08/04/09,Hibernia Networks (Netherlands) BV
80.95.160.0,80.95.175.255,4096,08/10/01,Intermax BV
80.100.0.0,80.101.255.255,131072,16/07/01,Xs4all Internet BV
80.111.0.0,80.111.255.255,65536,19/07/01,
80.112.0.0,80.112.127.255,32768,25/07/01,Ziggo B.V.
80.112.128.0,80.112.191.255,16384,25/07/01,Ziggo B.V.
80.112.192.0,80.112.255.255,16384,25/07/01,Vodafone Libertel B.V.
80.113.0.0,80.113.255.255,65536,25/07/01,Ziggo Services B.V.
80.114.0.0,80.114.127.255,32768,25/07/01,Ziggo B.V.
80.114.128.0,80.114.191.255,16384,25/07/01,Ziggo B.V.
80.114.192.0,80.114.255.255,16384,25/07/01,Ziggo B.V.
80.115.0.0,80.115.127.255,32768,25/07/01,Ziggo B.V.
80.115.128.0,80.115.191.255,16384,25/07/01,Ziggo B.V.
80.115.224.0,80.115.255.255,8192,25/07/01,Ziggo B.V.
80.126.0.0,80.127.255.255,131072,11/10/01,Xs4all Internet BV
80.242.224.0,80.242.239.255,4096,29/10/01,Ziggo B.V.
80.242.240.0,80.242.255.255,4096,14/05/03,Ziggo B.V.
80.246.176.0,80.246.191.255,4096,24/04/09,KPN Internedservices B.V.
80.246.192.0,80.246.207.255,4096,21/07/08,Signet B.V.
80.247.160.0,80.247.175.255,4096,08/04/08,Denit Internet Services BV
80.247.192.0,80.247.207.255,4096,13/11/01,True B.V.
80.247.208.0,80.247.223.255,4096,14/01/02,True B.V.
80.248.32.0,80.248.47.255,4096,15/11/01,Esprit Telecom B.V.
80.252.80.0,80.252.95.255,4096,25/11/05,
80.255.240.0,80.255.255.255,4096,19/12/05,Signet B.V.
81.4.64.0,81.4.95.255,8192,10/05/02,ProServe B.V.
81.17.32.0,81.17.47.255,4096,08/01/02,LeaseWeb Netherlands B.V.
81.18.0.0,81.18.15.255,4096,14/01/02,Ordina Beheer & Outsourcing B.V.
81.18.160.0,81.18.175.255,4096,17/01/02,Caveo Internet BV
81.18.240.0,81.18.255.255,4096,02/01/06,Tele2 Nederland B.V.
81.20.64.0,81.20.79.255,4096,31/01/02,
81.21.176.0,81.21.191.255,4096,17/01/06,Iddink Digital B.V.
81.23.224.0,81.23.239.255,4096,05/03/02,GarnierProjects BV
81.24.0.0,81.24.15.255,4096,22/02/08,Fuga b.v.
81.24.48.0,81.24.63.255,4096,17/02/06,KPN Internedservices B.V.
81.24.96.0,81.24.111.255,4096,13/08/10,Solcon Internetdiensten B.V.
81.26.208.0,81.26.223.255,4096,06/03/06,Denit Internet Services BV
81.28.80.0,81.28.95.255,4096,03/09/07,Within Reach Group B.V.
81.29.0.0,81.29.15.255,4096,24/04/02,
81.30.32.0,81.30.47.255,4096,07/05/10,Signet B.V.
81.30.64.0,81.30.79.255,4096,16/03/09,FBR Group B.V.
81.85.0.0,81.85.255.255,65536,30/05/02,Globecomm Europe B.V.
81.92.176.0,81.92.191.255,4096,04/05/06,DataDiensten Fryslan B.V.
81.93.48.0,81.93.63.255,4096,08/05/06,Denit Internet Services BV
81.171.0.0,81.171.31.255,8192,12/05/03,LeaseWeb Netherlands B.V.
81.171.32.0,81.171.63.255,8192,12/05/03,Eweka Internet Services B.V.
81.171.64.0,81.171.127.255,16384,12/05/03,Eweka Internet Services B.V.
81.173.48.0,81.173.63.255,4096,19/02/03,POCOS B.V.
81.173.64.0,81.173.79.255,4096,19/02/03,POCOS B.V.
81.175.64.0,81.175.127.255,16384,03/06/03,Ziggo Services B.V.
81.204.0.0,81.207.255.255,262144,16/10/02,KPN B.V.
82.72.0.0,82.75.255.255,262144,04/07/03,Ziggo B.V.
82.92.0.0,82.95.255.255,262144,25/11/03,Xs4all Internet BV
82.101.192.0,82.101.255.255,16384,23/12/03,Ziggo B.V.
82.134.128.0,82.134.255.255,32768,05/09/03,Stipte B.V.
82.136.192.0,82.136.255.255,16384,04/07/03,KPN B.V.
82.139.64.0,82.139.127.255,16384,31/07/03,KPN B.V.
82.148.192.0,82.148.223.255,8192,25/07/03,Unet B.V.
82.150.128.0,82.150.159.255,8192,25/08/03,Broadband Hosting B.V
82.151.32.0,82.151.63.255,8192,03/09/03,Kabeltex B.V.
82.151.160.0,82.151.191.255,8192,12/09/03,Ziggo B.V.
82.161.0.0,82.161.255.255,65536,14/07/03,Xs4all Internet BV
82.168.0.0,82.171.255.255,262144,29/08/03,KPN B.V.
82.172.0.0,82.175.255.255,262144,29/09/03,Tele2 Nederland B.V.
82.176.0.0,82.176.255.255,65536,26/08/03,ZeelandNet BV
82.192.64.0,82.192.95.255,8192,22/09/03,LeaseWeb Netherlands B.V.
82.195.32.0,82.195.63.255,8192,24/10/03,equensWorldline SE
82.196.0.0,82.196.15.255,4096,27/10/03,
82.197.192.0,82.197.223.255,8192,11/11/03,Legaco Networks B.V.
82.199.64.0,82.199.95.255,8192,28/11/03,
82.201.0.0,82.201.127.255,32768,18/09/03,KPN Internedservices B.V.
82.204.0.0,82.204.127.255,32768,29/10/03,Tele2 Nederland B.V.
82.210.64.0,82.210.127.255,16384,07/10/03,InfoPact Netwerkdiensten B.V.
82.215.0.0,82.215.63.255,16384,17/11/03,Tele2 Nederland B.V.
82.217.0.0,82.217.255.255,65536,27/10/03,Ziggo B.V.
83.68.0.0,83.68.31.255,8192,29/04/04,Xs4all Internet BV
83.80.0.0,83.87.255.255,524288,28/11/03,Ziggo B.V.
83.96.128.0,83.96.255.255,32768,18/12/03,ProServe B.V.
83.98.128.0,83.98.191.255,16384,14/01/04,Reasonnet IP Networks B.V.
83.98.192.0,83.98.223.255,8192,14/01/04,Reasonnet IP Networks B.V.
83.98.224.0,83.98.255.255,8192,14/01/04,CBizz B.V.
83.116.0.0,83.117.255.255,131072,16/12/03,Euronet Communications B.V.
83.118.0.0,83.118.127.255,32768,16/12/03,Euronet Communications B.V.
83.119.0.0,83.119.63.255,16384,16/12/03,Euronet Communications B.V.
83.119.128.0,83.119.255.255,32768,16/12/03,Euronet Communications B.V.
83.128.0.0,83.128.255.255,65536,05/01/04,CAIW Diensten B.V.
83.149.64.0,83.149.127.255,16384,09/03/04,LeaseWeb Netherlands B.V.
83.160.0.0,83.163.255.255,262144,03/03/04,Xs4all Internet BV
83.167.192.0,83.167.223.255,8192,21/06/04,Vodafone Libertel B.V.
83.172.128.0,83.172.191.255,16384,03/05/04,Internet Service Europe BV
83.219.64.0,83.219.95.255,8192,19/03/04,KPN Internedservices B.V.
83.223.32.0,83.223.63.255,8192,24/06/04,Verotel International B.V.
83.232.0.0,83.232.255.255,65536,05/02/04,KPN B.V.
83.247.0.0,83.247.127.255,32768,18/05/04,Solcon Internetdiensten B.V.
84.24.0.0,84.31.255.255,524288,01/07/04,Ziggo B.V.
84.35.0.0,84.35.255.255,65536,06/09/04,InfoPact Netwerkdiensten B.V.
84.38.224.0,84.38.239.255,4096,01/03/07,
84.39.0.0,84.39.31.255,8192,31/08/12,KPN B.V.
84.41.128.0,84.41.255.255,32768,08/09/04,Esprit Telecom B.V.
84.53.64.0,84.53.127.255,16384,04/11/04,Unet B.V.
84.80.0.0,84.87.255.255,524288,17/03/04,KPN B.V.
84.104.0.0,84.107.255.255,262144,26/04/04,Ziggo B.V.
84.116.0.0,84.119.255.255,262144,07/04/04,
84.241.128.0,84.241.191.255,16384,22/06/04,Previder B.V.
84.241.192.0,84.241.255.255,16384,23/06/04,T-mobile Netherlands bv.
84.243.192.0,84.243.255.255,16384,09/07/04,Within Reach Group B.V.
84.244.128.0,84.244.191.255,16384,21/07/04,We Dare B.V.
84.245.0.0,84.245.63.255,16384,02/08/04,Legaco Networks B.V.
84.246.0.0,84.246.63.255,16384,04/08/04,Routit BV
85.12.0.0,85.12.63.255,16384,04/03/05,Base IP B.V.
85.17.0.0,85.17.255.255,65536,11/03/05,LeaseWeb Netherlands B.V.
85.88.96.0,85.88.127.255,8192,26/10/04,Vodafone Libertel B.V.
85.90.64.0,85.90.95.255,8192,08/11/04,Vancis C&MS B.V.
85.92.128.0,85.92.159.255,8192,03/12/04,Reasonnet IP Networks B.V.
85.113.224.0,85.113.255.255,8192,15/02/05,KPN B.V.
85.144.0.0,85.145.255.255,131072,06/10/04,T-Mobile Thuis BV
85.146.0.0,85.146.127.255,32768,06/10/04,T-Mobile Thuis BV
85.146.128.0,85.146.191.255,16384,06/10/04,T-Mobile Thuis BV
85.146.192.0,85.146.255.255,16384,06/10/04,Vodafone Libertel B.V.
85.147.0.0,85.147.255.255,65536,06/10/04,Ziggo B.V.
85.148.0.0,85.149.255.255,131072,06/10/04,Euronet Communications B.V.
85.150.0.0,85.150.255.255,65536,06/10/04,Euronet Communications B.V.
85.184.16.0,85.184.31.255,4096,19/11/04,
85.190.96.0,85.190.127.255,8192,13/12/04,Hostnet B.V.
85.203.0.0,85.203.63.255,16384,12/01/05,Falco Networks B.V.
85.222.240.0,85.222.255.255,4096,22/03/05,IP Visie Networking B.V.
85.223.0.0,85.223.127.255,32768,05/04/05,Tele2 Nederland B.V.
85.234.224.0,85.234.239.255,4096,03/05/05,PQR group B.V.
85.255.208.0,85.255.223.255,4096,29/08/05,
86.80.0.0,86.95.255.255,1048576,23/03/05,KPN B.V.
86.109.0.0,86.109.15.255,4096,29/05/05,
87.101.0.0,87.101.15.255,4096,19/09/05,
87.195.0.0,87.195.255.255,65536,17/06/05,Solcon Internetdiensten B.V.
87.208.0.0,87.215.255.255,524288,02/06/05,Tele2 Nederland B.V.
87.233.0.0,87.233.255.255,65536,07/07/05,True B.V.
87.249.96.0,87.249.127.255,8192,26/08/05,Virtu Secure Webservices B.V.
87.250.128.0,87.250.159.255,8192,06/09/05,KPN Internedservices B.V.
87.251.32.0,87.251.63.255,8192,09/09/05,BIT BV
87.253.128.0,87.253.159.255,8192,06/10/05,Transip B.V.
87.255.32.0,87.255.63.255,8192,07/11/05,LeaseWeb Network B.V.
88.85.64.0,88.85.95.255,8192,08/02/06,Webzilla B.V.
88.159.0.0,88.159.255.255,65536,27/01/06,KPN B.V.
88.208.0.0,88.208.63.255,16384,24/10/05,DataWeb Global Group B.V.
88.211.128.0,88.211.191.255,16384,07/12/05,Esprit Telecom B.V.
89.18.160.0,89.18.191.255,8192,14/08/06,Reasonnet IP Networks B.V.
89.20.64.0,89.20.95.255,8192,30/08/06,Systemec BV
89.20.160.0,89.20.191.255,8192,05/09/06,Eurofiber Nederland BV
89.21.160.0,89.21.191.255,8192,27/09/06,Globecomm Europe B.V.
89.30.128.0,89.30.255.255,32768,01/09/06,Reasonnet IP Networks B.V.
89.98.0.0,89.99.255.255,131072,20/02/06,Ziggo Services B.V.
89.104.160.0,89.104.191.255,8192,13/03/06,Duximus
89.105.192.0,89.105.223.255,8192,17/03/06,NovoServe B.V.
89.146.0.0,89.146.63.255,16384,02/02/06,Routit BV
89.149.192.0,89.149.255.255,16384,23/02/06,LeaseWeb Netherlands B.V.
89.184.160.0,89.184.191.255,8192,31/03/06,Within Reach Group B.V.
89.188.0.0,89.188.31.255,8192,04/05/06,Duocast B.V.
89.200.0.0,89.200.127.255,32768,30/03/06,KPN B.V.
89.205.128.0,89.205.255.255,32768,08/05/06,T-mobile Netherlands bv.
89.220.0.0,89.220.127.255,32768,05/07/06,Esprit Telecom B.V.
89.220.128.0,89.220.255.255,32768,05/07/06,Ziggo B.V.
89.221.176.0,89.221.191.255,4096,09/10/06,Ram Mobile Data (Netherlands) B.V.
89.248.128.0,89.248.143.255,4096,05/07/10,Schiphol Telematics B.V.
89.248.160.0,89.248.175.255,4096,11/07/06,
89.250.64.0,89.250.79.255,4096,04/08/06,Xentech B.V.
89.250.176.0,89.250.191.255,4096,15/08/06,DSD automatisering b.v.
89.255.0.0,89.255.63.255,16384,12/09/06,Xenosite B.V.
90.145.0.0,90.145.255.255,65536,17/11/06,Unet B.V.
91.123.240.0,91.123.255.255,4096,14/05/07,
91.141.128.0,91.141.255.255,32768,06/11/07,T-mobile Netherlands bv.
91.142.240.0,91.142.255.255,4096,25/10/06,Signet B.V.
91.148.192.0,91.148.255.255,16384,13/11/06,Base IP B.V.
91.184.0.0,91.184.31.255,8192,03/10/06,Hostnet B.V.
91.190.96.0,91.190.111.255,4096,29/12/06,Legaco Networks B.V.
92.48.192.0,92.48.255.255,16384,15/11/07,We Dare B.V.
92.64.0.0,92.71.255.255,524288,19/06/07,KPN B.V.
92.108.0.0,92.111.255.255,262144,23/10/07,Ziggo Services B.V.
92.120.0.0,92.121.255.255,131072,06/11/07,NXP Semiconductors Netherlands B.V.
92.235.0.0,92.235.255.255,65536,31/10/07,
92.254.0.0,92.254.127.255,32768,12/12/07,Tele2 Nederland B.V.
93.88.144.0,93.88.159.255,4096,25/03/08,Trixit Holding B.V.
93.117.192.0,93.117.255.255,16384,21/12/07,Vodafone Libertel B.V.
93.119.0.0,93.119.15.255,4096,21/12/07,Transip B.V.
93.125.128.0,93.125.255.255,32768,17/04/08,Tele2 Nederland B.V.
93.154.0.0,93.154.127.255,32768,31/08/11,KPN B.V.
93.158.208.0,93.158.223.255,4096,30/05/08,Serverius Holding B.V.
93.175.176.0,93.175.191.255,4096,21/07/08,
93.184.96.0,93.184.111.255,4096,27/05/08,Duocast B.V.
93.186.176.0,93.186.191.255,4096,01/07/08,Oxilion B.V.
94.46.144.0,94.46.159.255,4096,03/06/08,
94.75.192.0,94.75.255.255,16384,24/07/08,LeaseWeb Netherlands B.V.
94.100.16.0,94.100.31.255,4096,09/07/08,
94.100.112.0,94.100.127.255,4096,28/07/08,TMG Digital B.V.
94.102.48.0,94.102.63.255,4096,29/08/08,
94.103.16.0,94.103.31.255,4096,11/09/08,Equinix (Netherlands) B.V.
94.103.144.0,94.103.159.255,4096,15/09/08,NedZone Internet BV
94.157.0.0,94.157.255.255,65536,03/09/08,T-mobile Netherlands bv.
94.168.0.0,94.168.255.255,65536,28/08/08,
94.169.0.0,94.169.255.255,65536,28/08/08,
94.170.0.0,94.171.255.255,131072,28/08/08,
94.172.0.0,94.172.255.255,65536,28/08/08,
94.208.0.0,94.215.255.255,524288,22/07/08,Ziggo B.V.
94.228.128.0,94.228.143.255,4096,29/10/08,Prolocation B.V.
94.228.208.0,94.228.223.255,4096,06/11/08,Ellada Projects B.V. trading as Netrouting
94.229.48.0,94.229.63.255,4096,12/11/08,KPN B.V.
94.231.240.0,94.231.255.255,4096,23/06/09,
95.36.0.0,95.36.255.255,65536,18/11/08,Tele2 Nederland B.V.
95.96.0.0,95.97.255.255,131072,12/01/09,Ziggo Services B.V.
95.98.0.0,95.99.255.255,131072,12/01/09,T-mobile Netherlands bv.
95.142.48.0,95.142.63.255,4096,22/07/09,@Inet Technology Consultancy B.V.
95.142.96.0,95.142.111.255,4096,29/07/09,Schuberg Philis B.V.
95.152.128.0,95.152.191.255,16384,13/02/09,Gemnet B.V.
95.155.128.0,95.155.191.255,16384,04/03/09,Trixit Holding B.V.
95.168.160.0,95.168.175.255,4096,06/01/09,LeaseWeb Netherlands B.V.
95.170.64.0,95.170.95.255,8192,03/02/09,Transip B.V.
95.179.128.0,95.179.255.255,32768,22/01/09,
95.211.0.0,95.211.255.255,65536,05/02/09,LeaseWeb Netherlands B.V.
109.32.0.0,109.39.255.255,524288,31/08/09,Vodafone Libertel N.V
109.72.32.0,109.72.47.255,4096,08/09/09,KPN B.V.
109.72.80.0,109.72.95.255,4096,10/09/09,PCextreme B.V.
109.72.176.0,109.72.191.255,4096,23/09/09,SaaSplaza Nederland B.V.
109.109.96.0,109.109.127.255,8192,05/11/09,CBizz B.V.
109.200.192.0,109.200.223.255,8192,10/02/10,i3D.net B.V
109.201.128.0,109.201.159.255,8192,12/02/10,NForce Entertainment B.V.
109.202.96.0,109.202.111.255,4096,10/02/11,Global Layer B.V.
109.206.160.0,109.206.191.255,8192,22/01/10,
109.236.80.0,109.236.95.255,4096,04/12/09,WorldStream B.V.
109.237.64.0,109.237.79.255,4096,12/01/10,Xentech B.V.
109.237.208.0,109.237.223.255,4096,18/01/10,Mihos B.V
109.239.128.0,109.239.143.255,4096,04/02/10,
128.127.32.0,128.127.47.255,4096,07/10/11,KPN B.V.
128.204.192.0,128.204.207.255,4096,13/10/11,Snel.com B.V.
129.125.0.0,129.125.255.255,65536,15/12/87,
130.37.0.0,130.37.255.255,65536,02/05/88,
130.78.0.0,130.78.255.255,65536,24/06/88,
130.89.0.0,130.89.255.255,65536,12/04/91,
130.112.0.0,130.112.255.255,65536,02/08/88,
130.115.0.0,130.115.255.255,65536,05/08/88,
130.138.0.0,130.141.255.255,262144,17/08/88,
130.142.0.0,130.142.255.255,65536,17/08/88,
130.143.0.0,130.143.255.255,65536,17/08/88,
130.144.0.0,130.144.255.255,65536,17/08/88,
130.145.0.0,130.145.255.255,65536,17/08/88,
130.146.0.0,130.146.255.255,65536,17/08/88,
130.147.0.0,130.147.255.255,65536,17/08/88,
130.161.0.0,130.161.255.255,65536,26/08/88,
131.155.0.0,131.155.255.255,65536,02/12/88,
131.174.0.0,131.174.255.255,65536,19/12/88,
131.180.0.0,131.180.255.255,65536,22/12/88,
131.211.0.0,131.211.255.255,65536,27/01/92,
131.224.0.0,131.224.255.255,65536,23/01/89,
131.237.0.0,131.237.255.255,65536,01/01/92,
132.229.0.0,132.229.255.255,65536,21/03/89,
134.19.176.0,134.19.191.255,4096,04/11/11,Global Layer B.V.
134.27.0.0,134.27.255.255,65536,22/08/07,
134.143.0.0,134.143.255.255,65536,01/09/93,
134.145.0.0,134.145.255.255,65536,01/09/93,
134.146.0.0,134.146.255.255,65536,13/06/89,
134.188.0.0,134.188.255.255,65536,10/07/89,
134.203.0.0,134.203.255.255,65536,19/07/89,
134.221.0.0,134.221.255.255,65536,27/07/89,
134.222.0.0,134.222.255.255,65536,31/07/89,
136.143.0.0,136.143.127.255,32768,22/08/89,CAIW Diensten B.V.
136.144.128.0,136.144.255.255,32768,29/08/89,
136.231.0.0,136.231.255.255,65536,14/04/04,
137.17.0.0,137.17.255.255,65536,10/10/89,
137.55.0.0,137.55.255.255,65536,02/11/89,
137.56.0.0,137.56.255.255,65536,05/07/90,
137.120.0.0,137.120.255.255,65536,21/11/89,
137.174.0.0,137.174.255.255,65536,13/12/89,
137.224.0.0,137.224.255.255,65536,10/01/90,
139.45.0.0,139.45.127.255,32768,18/06/90,
139.45.192.0,139.45.255.255,16384,18/06/90,
139.63.0.0,139.63.255.255,65536,18/01/96,
139.122.0.0,139.122.255.255,65536,01/09/93,
139.156.0.0,139.156.255.255,65536,01/09/93,
139.162.0.0,139.162.255.255,65536,24/03/90,
139.178.64.0,139.178.95.255,8192,26/03/90,
139.178.96.0,139.178.127.255,8192,26/03/90,
139.178.128.0,139.178.255.255,32768,26/03/90,
141.93.0.0,141.93.255.255,65536,10/02/93,Koninklijke Ahold Delhaize N.V.
141.101.144.0,141.101.159.255,4096,23/06/11,LeaderTelecom B.V.
141.101.176.0,141.101.191.255,4096,23/06/11,LeaderTelecom B.V.
141.101.192.0,141.101.255.255,16384,23/06/11,LeaderTelecom B.V.
141.105.0.0,141.105.15.255,4096,24/06/11,KPN B.V.
141.138.192.0,141.138.207.255,4096,01/07/11,CloudVPS B.V.
141.176.0.0,141.176.255.255,65536,24/11/93,
141.252.0.0,141.252.255.255,65536,28/10/92,
143.121.0.0,143.121.255.255,65536,17/09/90,
143.176.0.0,143.176.255.255,65536,01/10/90,
143.177.0.0,143.177.255.255,65536,01/10/90,
143.178.0.0,143.178.255.255,65536,01/10/90,
143.179.0.0,143.179.255.255,65536,01/10/90,
144.2.0.0,144.2.31.255,8192,01/09/93,
144.2.32.0,144.2.63.255,8192,01/09/93,
144.2.128.0,144.2.143.255,4096,01/09/93,
144.2.176.0,144.2.239.255,16384,01/09/93,
144.43.0.0,144.43.255.255,65536,01/09/93,
144.54.0.0,144.54.255.255,65536,13/11/90,
144.95.0.0,144.95.255.255,65536,03/12/90,
144.119.0.0,144.119.255.255,65536,03/12/90,
144.178.64.0,144.178.95.255,8192,02/12/92,
144.178.192.0,144.178.223.255,8192,02/12/92,
144.209.0.0,144.209.255.255,65536,01/09/93,
145.0.0.0,145.0.255.255,65536,01/09/93,
145.1.0.0,145.1.127.255,32768,01/09/93,
145.2.0.0,145.4.255.255,196608,01/09/93,
145.5.0.0,145.5.255.255,65536,01/09/93,
145.6.0.0,145.6.255.255,65536,01/09/93,
145.7.0.0,145.7.255.255,65536,01/09/93,
145.8.0.0,145.10.255.255,196608,01/09/93,
145.11.0.0,145.11.255.255,65536,01/09/93,
145.12.0.0,145.12.255.255,65536,01/09/93,
145.13.0.0,145.13.255.255,65536,01/09/93,
145.14.131.0,145.14.159.255,7424,01/09/93,
145.14.160.0,145.14.191.255,8192,01/09/93,
145.15.0.0,145.16.255.255,131072,01/09/93,
145.17.0.0,145.17.255.255,65536,01/09/93,
145.18.0.0,145.21.255.255,262144,01/09/93,
145.22.0.0,145.22.255.255,65536,01/09/93,
145.23.0.0,145.30.255.255,524288,01/09/93,
145.31.0.0,145.31.255.255,65536,01/01/92,
145.32.0.0,145.33.255.255,131072,01/09/93,
145.34.0.0,145.34.255.255,65536,01/09/93,
145.35.0.0,145.35.255.255,65536,01/09/93,
145.36.0.0,145.36.255.255,65536,01/09/93,
145.37.0.0,145.44.255.255,524288,01/09/93,
145.45.0.0,145.45.255.255,65536,01/01/92,
145.47.0.0,145.49.255.255,196608,01/09/93,
145.50.0.0,145.50.255.255,65536,01/01/92,
145.51.0.0,145.52.255.255,131072,01/09/93,
145.53.0.0,145.53.255.255,65536,01/09/93,
145.54.0.0,145.54.255.255,65536,01/09/93,
145.56.0.0,145.59.255.255,262144,01/09/93,
145.60.0.0,145.60.255.255,65536,01/09/93,
145.61.0.0,145.62.255.255,131072,01/09/93,
145.63.0.0,145.63.255.255,65536,01/09/93,
145.64.0.0,145.65.255.255,131072,01/09/93,
145.66.0.0,145.66.255.255,65536,01/09/93,
145.67.0.0,145.68.255.255,131072,01/09/93,
145.69.0.0,145.69.255.255,65536,01/09/93,
145.70.0.0,145.70.255.255,65536,01/09/93,
145.71.0.0,145.71.255.255,65536,01/09/93,
145.72.0.0,145.72.255.255,65536,01/09/93,
145.73.0.0,145.79.255.255,458752,01/09/93,
145.80.0.0,145.80.255.255,65536,01/09/93,
145.81.0.0,145.81.255.255,65536,01/09/93,
145.83.0.0,145.86.255.255,262144,01/09/93,
145.87.0.0,145.87.223.255,57344,01/09/93,
145.87.224.0,145.87.255.255,8192,01/09/93,
145.88.0.0,145.127.255.255,2621440,01/09/93,
145.128.0.0,145.128.255.255,65536,01/09/93,
145.129.0.0,145.129.255.255,65536,01/09/93,
145.130.0.0,145.130.255.255,65536,01/09/93,
145.131.0.0,145.131.255.255,65536,01/09/93,
145.132.0.0,145.132.255.255,65536,01/09/93,
145.133.0.0,145.133.255.255,65536,01/09/93,
145.134.0.0,145.134.255.255,65536,01/09/93,
145.135.0.0,145.135.255.255,65536,01/09/93,
145.136.0.0,145.136.255.255,65536,01/09/93,
145.137.0.0,145.137.255.255,65536,01/09/93,
145.138.0.0,145.139.255.255,131072,01/09/93,
145.140.0.0,145.140.255.255,65536,01/09/93,
145.141.0.0,145.141.255.255,65536,01/09/93,
145.142.0.0,145.142.255.255,65536,01/09/93,
145.143.0.0,145.143.255.255,65536,01/09/93,
145.144.0.0,145.144.255.255,65536,01/09/93,
145.145.0.0,145.145.255.255,65536,27/11/90,
145.146.0.0,145.146.255.255,65536,01/09/93,
145.147.0.0,145.147.255.255,65536,01/09/93,
145.148.0.0,145.148.255.255,65536,01/09/93,
145.149.0.0,145.149.255.255,65536,01/09/93,
145.150.0.0,145.150.255.255,65536,01/09/93,
145.151.0.0,145.151.255.255,65536,01/09/93,
145.152.0.0,145.152.255.255,65536,01/09/93,
145.153.0.0,145.153.255.255,65536,01/09/93,
145.154.0.0,145.154.255.255,65536,01/09/93,
145.155.0.0,145.155.255.255,65536,01/09/93,
145.156.0.0,145.156.255.255,65536,01/09/93,
145.157.0.0,145.157.255.255,65536,01/09/93,
145.158.0.0,145.158.255.255,65536,01/09/93,
145.159.0.0,145.159.255.255,65536,01/09/93,
145.160.0.0,145.160.255.255,65536,01/09/93,
145.161.0.0,145.161.255.255,65536,01/09/93,
145.162.0.0,145.162.255.255,65536,01/09/93,
145.163.0.0,145.163.255.255,65536,01/09/93,
145.164.0.0,145.164.255.255,65536,01/09/93,
145.165.0.0,145.165.255.255,65536,01/09/93,
145.166.0.0,145.166.255.255,65536,01/09/93,
145.167.0.0,145.167.255.255,65536,01/09/93,
145.168.0.0,145.168.255.255,65536,01/09/93,
145.169.0.0,145.169.255.255,65536,01/09/93,
145.170.0.0,145.170.255.255,65536,01/09/93,
145.171.0.0,145.171.255.255,65536,01/09/93,
145.172.0.0,145.172.255.255,65536,01/09/93,
145.173.0.0,145.173.255.255,65536,01/09/93,
145.174.0.0,145.174.255.255,65536,01/09/93,
145.175.0.0,145.175.255.255,65536,01/09/93,
145.176.0.0,145.176.255.255,65536,01/09/93,
145.177.0.0,145.177.255.255,65536,01/09/93,
145.178.0.0,145.178.255.255,65536,01/09/93,
145.179.0.0,145.179.255.255,65536,01/09/93,
145.180.0.0,145.180.255.255,65536,01/09/93,
145.181.0.0,145.181.255.255,65536,01/09/93,
145.182.0.0,145.182.255.255,65536,01/09/93,
145.183.0.0,145.183.255.255,65536,01/09/93,
145.184.0.0,145.184.255.255,65536,01/09/93,
145.185.0.0,145.185.255.255,65536,01/09/93,
145.186.0.0,145.186.255.255,65536,01/09/93,
145.187.0.0,145.187.255.255,65536,01/09/93,
145.188.0.0,145.188.255.255,65536,01/09/93,
145.189.0.0,145.189.255.255,65536,01/09/93,
145.190.0.0,145.190.255.255,65536,01/09/93,
145.191.0.0,145.191.255.255,65536,01/09/93,
145.192.0.0,145.192.255.255,65536,01/09/93,
145.193.0.0,145.193.255.255,65536,01/09/93,
145.194.0.0,145.194.255.255,65536,01/09/93,
145.195.0.0,145.195.255.255,65536,01/09/93,
145.196.0.0,145.196.255.255,65536,01/09/93,
145.197.0.0,145.197.255.255,65536,01/09/93,
145.198.0.0,145.198.255.255,65536,01/09/93,
145.199.0.0,145.199.255.255,65536,01/09/93,
145.200.0.0,145.200.255.255,65536,01/09/93,
145.201.0.0,145.201.255.255,65536,01/09/93,
145.202.0.0,145.202.255.255,65536,01/09/93,
145.203.0.0,145.203.255.255,65536,01/09/93,
145.204.0.0,145.204.255.255,65536,01/09/93,
145.205.0.0,145.205.255.255,65536,01/09/93,
145.206.0.0,145.206.255.255,65536,01/09/93,
145.207.0.0,145.207.255.255,65536,01/09/93,
145.208.0.0,145.208.255.255,65536,01/09/93,
145.209.0.0,145.209.255.255,65536,01/09/93,
145.210.0.0,145.210.255.255,65536,01/09/93,
145.211.0.0,145.211.255.255,65536,01/09/93,
145.212.0.0,145.212.255.255,65536,01/09/93,
145.213.0.0,145.213.255.255,65536,01/09/93,
145.214.0.0,145.214.255.255,65536,01/09/93,
145.215.0.0,145.215.255.255,65536,01/09/93,
145.216.0.0,145.216.255.255,65536,01/09/93,
145.217.0.0,145.217.255.255,65536,01/09/93,
145.219.0.0,145.219.255.255,65536,27/11/90,
145.220.0.0,145.220.255.255,65536,01/09/93,
145.221.0.0,145.221.255.255,65536,27/11/90,
145.222.0.0,145.222.255.255,65536,09/10/02,
145.223.0.0,145.223.255.255,65536,27/11/90,
146.50.0.0,146.50.255.255,65536,18/01/91,
146.104.0.0,146.104.255.255,65536,01/09/93,
146.185.128.0,146.185.159.255,8192,13/07/11,
146.185.160.0,146.185.191.255,8192,13/07/11,
147.12.0.0,147.12.15.255,4096,28/03/91,
147.12.16.0,147.12.31.255,4096,28/03/91,
147.12.64.0,147.12.95.255,8192,28/03/91,
147.181.0.0,147.181.255.255,65536,05/07/91,
148.148.0.0,148.148.255.255,65536,01/09/93,
148.200.0.0,148.200.255.255,65536,01/09/93,
148.253.16.0,148.253.31.255,4096,01/09/93,O3b Sales BV
149.59.0.0,149.59.255.255,65536,28/04/97,
149.146.0.0,149.146.255.255,65536,01/09/93,
149.210.128.0,149.210.255.255,32768,17/08/11,Transip B.V.
151.184.0.0,151.184.255.255,65536,17/09/91,
151.236.128.0,151.236.159.255,8192,14/08/12,NCCW B.V.
155.204.0.0,155.204.255.255,65536,01/09/93,
156.83.0.0,156.83.255.255,65536,19/12/91,
156.114.0.0,156.114.255.255,65536,07/01/92,
156.150.0.0,156.150.255.255,65536,12/03/92,
157.97.48.0,157.97.63.255,4096,13/07/95,
157.97.192.0,157.97.255.255,16384,13/07/95,
158.60.0.0,158.60.255.255,65536,14/02/92,
159.46.0.0,159.46.255.255,65536,01/09/93,
159.60.0.0,159.60.255.255,65536,01/09/93,
159.253.128.0,159.253.159.255,8192,21/09/11,SoftLayer Dutch Holdings BV
161.83.0.0,161.85.255.255,196608,23/06/92,
161.86.0.0,161.87.255.255,131072,23/06/92,
161.88.0.0,161.88.255.255,65536,23/06/92,
161.89.0.0,161.90.255.255,131072,23/06/92,
161.91.0.0,161.91.255.255,65536,23/06/92,
161.92.0.0,161.92.255.255,65536,23/06/92,
161.158.0.0,161.158.255.255,65536,01/09/93,
163.158.0.0,163.158.255.255,65536,01/09/92,
163.175.0.0,163.175.255.255,65536,26/10/92,
164.40.128.0,164.40.159.255,8192,16/11/11,
164.140.0.0,164.140.255.255,65536,20/12/93,
165.114.0.0,165.114.255.255,65536,22/08/07,
167.81.0.0,167.81.255.255,65536,12/05/93,
167.202.192.0,167.202.223.255,8192,27/09/93,
171.21.0.0,171.21.255.255,65536,30/03/94,
172.255.0.0,172.255.15.255,4096,13/03/13,Servers.com B.V.
172.255.96.0,172.255.111.255,4096,13/03/13,Servers.com B.V.
172.255.192.0,172.255.207.255,4096,13/03/13,Servers.com B.V.
172.255.224.0,172.255.239.255,4096,13/03/13,Servers.com B.V.
176.56.160.0,176.56.191.255,8192,30/05/11,
176.56.224.0,176.56.239.255,4096,30/05/11,RouteLabel V.O.F.
176.74.224.0,176.74.255.255,8192,17/06/11,Signet B.V.
178.18.16.0,178.18.31.255,4096,07/04/10,FiberMax Networks BV
178.18.80.0,178.18.95.255,4096,12/04/10,CloudVPS B.V.
178.18.128.0,178.18.143.255,4096,16/04/10,NedZone Internet BV
178.19.112.0,178.19.127.255,4096,17/05/10,Maenda Media B.V.
178.84.0.0,178.85.255.255,131072,19/12/09,Ziggo Services B.V.
178.128.0.0,178.128.127.255,32768,03/03/10,
178.128.128.0,178.128.255.255,32768,03/03/10,
178.157.48.0,178.157.63.255,4096,25/06/10,
178.159.0.0,178.159.15.255,4096,19/08/10,
178.162.128.0,178.162.191.255,16384,05/02/10,LeaseWeb Netherlands B.V.
178.170.176.0,178.170.191.255,4096,31/03/10,LeaderTelecom B.V.
178.208.160.0,178.208.191.255,8192,29/03/10,YHC International BV
178.214.96.0,178.214.127.255,8192,28/07/10,
178.224.0.0,178.231.255.255,524288,08/04/10,T-mobile Netherlands bv.
178.236.176.0,178.236.191.255,4096,10/06/10,
178.237.32.0,178.237.47.255,4096,21/06/10,Schuberg Philis B.V.
178.238.96.0,178.238.111.255,4096,16/07/10,Within Reach Group B.V.
178.239.48.0,178.239.63.255,4096,03/08/10,Ellada Projects B.V. trading as Netrouting
188.72.80.0,188.72.95.255,4096,09/07/09,LeaderTelecom B.V.
188.72.96.0,188.72.127.255,8192,09/07/09,LeaderTelecom B.V.
188.72.192.0,188.72.255.255,16384,09/07/09,Webzilla B.V.
188.88.0.0,188.91.255.255,262144,11/05/09,T-mobile Netherlands bv.
188.122.64.0,188.122.95.255,8192,22/05/09,i3D.net B.V
188.142.0.0,188.142.127.255,32768,05/06/09,KPN B.V.
188.166.0.0,188.166.255.255,65536,05/06/09,
188.200.0.0,188.207.255.255,524288,05/06/09,KPN B.V.
188.209.48.0,188.209.63.255,4096,08/05/09,NForce Entertainment B.V.
192.26.154.0,192.26.173.255,5120,02/02/89,
192.87.0.0,192.87.255.255,65536,01/01/84,
192.113.0.0,192.113.255.255,65536,05/07/91,Capgemini Nederland B.V.
193.0.0.0,193.0.15.255,4096,01/09/93,Reseaux IP Europeens Network Coordination Centre (RIPE NCC)
193.5.128.0,193.5.143.255,4096,26/05/97,
193.67.0.0,193.67.255.255,65536,01/09/93,Verizon Nederland B.V.
193.78.0.0,193.79.255.255,131072,01/09/93,Verizon Nederland B.V.
193.91.48.0,193.91.63.255,4096,18/12/02,KPN Internedservices B.V.
193.172.0.0,193.172.255.255,65536,01/09/93,KPN B.V.
193.173.0.0,193.173.255.255,65536,25/05/98,KPN B.V.
193.176.159.0,193.176.178.255,5120,22/01/93,
193.177.1.0,193.177.63.255,16128,03/05/93,
193.177.64.0,193.177.127.255,16384,03/05/93,
193.177.192.0,193.177.207.255,4096,22/07/93,
193.221.128.0,193.221.159.255,8192,17/12/93,
193.242.80.0,193.242.95.255,4096,01/09/93,
194.13.16.0,194.13.31.255,4096,17/12/93,
194.13.32.0,194.13.63.255,8192,08/04/94,
194.13.88.0,194.13.103.255,4096,24/02/94,
194.13.144.0,194.13.159.255,4096,10/01/94,
194.13.160.0,194.13.175.255,4096,10/01/94,
194.13.176.0,194.13.191.255,4096,10/01/94,
194.13.192.0,194.13.207.255,4096,10/01/94,
194.13.208.0,194.13.223.255,4096,10/01/94,
194.13.240.0,194.13.255.255,4096,02/02/94,
194.26.32.0,194.26.63.255,8192,01/03/95,
194.26.80.0,194.26.95.255,4096,03/03/95,
194.26.128.0,194.26.143.255,4096,29/08/94,
194.26.192.0,194.26.239.255,12288,21/04/95,
194.53.16.0,194.53.31.255,4096,13/04/94,
194.53.32.0,194.53.47.255,4096,22/04/94,
194.53.224.0,194.53.255.255,8192,28/09/94,
194.69.16.0,194.69.31.255,4096,19/03/97,
194.79.224.0,194.79.239.255,4096,11/01/96,
194.104.32.0,194.104.63.255,8192,28/09/93,
194.104.64.0,194.104.79.255,4096,28/10/94,
194.104.128.0,194.104.143.255,4096,29/08/94,
194.104.160.0,194.104.184.255,6400,18/12/94,
194.104.192.0,194.104.223.255,8192,25/11/94,
194.104.224.0,194.104.239.255,4096,09/08/95,
194.104.240.0,194.104.255.255,4096,09/08/95,
194.109.0.0,194.109.255.255,65536,13/05/96,Xs4all Internet BV
194.134.0.0,194.134.31.255,8192,02/01/96,Euronet Communications B.V.
194.134.32.0,194.134.63.255,8192,18/11/96,Euronet Communications B.V.
194.134.64.0,194.134.127.255,16384,18/11/96,Euronet Communications B.V.
194.134.128.0,194.134.255.255,32768,18/11/96,Euronet Communications B.V.
194.151.0.0,194.151.255.255,65536,03/05/95,KPN B.V.
194.158.160.0,194.158.191.255,8192,28/03/96,Claranet Benelux B.V.
194.165.64.0,194.165.95.255,8192,06/12/95,GTT Netherlands B.V.
194.171.0.0,194.171.255.255,65536,12/06/95,SURFnet bv
194.178.0.0,194.178.255.255,65536,20/06/95,Verizon Nederland B.V.
194.229.0.0,194.229.255.255,65536,22/01/96,Verizon Nederland B.V.
194.242.64.0,194.242.95.255,8192,13/02/96,AT&T Global Network Services Nederland B.V.
194.247.96.0,194.247.127.255,8192,01/10/98,Verizon Nederland B.V.
195.7.128.0,195.7.159.255,8192,14/01/97,KPN B.V.
195.18.64.0,195.18.127.255,16384,04/02/97,Esprit Telecom B.V.
195.20.32.0,195.20.63.255,8192,16/06/97,Verotel International B.V.
195.33.0.0,195.33.127.255,32768,18/11/96,AT&T Global Network Services Nederland B.V.
195.33.128.0,195.33.191.255,16384,18/11/96,AT&T Global Network Services Nederland B.V.
195.35.128.0,195.35.191.255,16384,30/03/00,Ziggo B.V.
195.35.192.0,195.35.255.255,16384,25/09/01,Ziggo B.V.
195.38.192.0,195.38.255.255,16384,12/12/97,Claranet Benelux B.V.
195.64.32.0,195.64.63.255,8192,28/05/97,GTT Netherlands B.V.
195.64.64.0,195.64.79.255,4096,15/01/97,KPN B.V.
195.64.80.0,195.64.95.255,4096,15/01/97,Xs4all Internet BV
195.85.128.0,195.85.159.255,8192,26/03/99,Ziggo B.V.
195.85.160.0,195.85.191.255,8192,30/03/00,Ziggo B.V.
195.86.0.0,195.86.255.255,65536,14/08/96,GTT Netherlands B.V.
195.90.64.0,195.90.95.255,8192,19/02/97,
195.96.96.0,195.96.127.255,8192,12/03/97,Euronet Communications B.V.
195.108.0.0,195.108.255.255,65536,17/06/96,Verizon Nederland B.V.
195.109.0.0,195.109.255.255,65536,10/12/96,Verizon Nederland B.V.
195.114.224.0,195.114.239.255,4096,10/12/97,Infracom Holding B.V.
195.121.0.0,195.121.255.255,65536,11/01/99,KPN B.V.
195.169.0.0,195.169.255.255,65536,16/06/97,SURFnet bv
195.190.224.0,195.190.255.255,8192,16/08/99,
195.193.0.0,195.193.255.255,65536,03/09/97,Verizon Nederland B.V.
195.206.64.0,195.206.95.255,8192,28/02/97,
195.240.0.0,195.240.31.255,8192,22/04/96,KPN B.V.
195.240.32.0,195.240.63.255,8192,19/08/96,KPN B.V.
195.240.64.0,195.240.127.255,16384,19/08/96,KPN B.V.
195.240.128.0,195.240.255.255,32768,27/03/97,KPN B.V.
195.241.0.0,195.241.255.255,65536,27/03/97,KPN B.V.
203.159.80.0,203.159.95.255,4096,30/11/95,
209.42.192.0,209.42.255.255,16384,21/03/97,
212.0.224.0,212.0.255.255,8192,20/09/99,GTT Netherlands B.V.
212.1.0.0,212.1.31.255,8192,12/03/98,KPN B.V.
212.1.160.0,212.1.191.255,8192,07/04/99,AT&T Global Network Services Nederland B.V.
212.4.192.0,212.4.223.255,8192,10/08/98,Coolwave Communications B.V.
212.7.192.0,212.7.207.255,4096,12/08/10,LeaseWeb Netherlands B.V.
212.19.192.0,212.19.223.255,8192,27/08/98,InTouch N.V.
212.19.224.0,212.19.255.255,8192,18/10/99,Traction Information Technologies B.V.
212.25.192.0,212.25.223.255,8192,27/08/98,Atos Nederland B.V.
212.26.192.0,212.26.223.255,8192,18/08/98,InTouch N.V.
212.29.160.0,212.29.191.255,8192,13/04/99,InfoPact Netwerkdiensten B.V.
212.32.224.0,212.32.255.255,8192,20/09/99,LeaseWeb Netherlands B.V.
212.45.32.0,212.45.63.255,8192,12/03/99,Solcon Internetdiensten B.V.
212.50.224.0,212.50.255.255,8192,23/05/08,
212.52.0.0,212.52.31.255,8192,24/02/98,Neroc
212.54.32.0,212.54.63.255,8192,01/03/99,Ziggo B.V.
212.57.48.0,212.57.63.255,4096,11/01/10,Nextpertise B.V.
212.61.0.0,212.61.31.255,8192,07/04/98,Claranet Benelux B.V.
212.61.32.0,212.61.63.255,8192,08/05/98,Claranet Benelux B.V.
212.61.64.0,212.61.127.255,16384,08/05/98,Claranet Benelux B.V.
212.61.128.0,212.61.255.255,32768,08/05/98,Claranet Benelux B.V.
212.67.160.0,212.67.191.255,8192,27/07/99,Esprit Telecom B.V.
212.72.240.0,212.72.255.255,4096,22/05/00,BIT BV
212.78.192.0,212.78.223.255,8192,31/05/10,Vodafone Libertel B.V.
212.83.64.0,212.83.95.255,8192,03/02/99,Ziggo Services B.V.
212.83.192.0,212.83.223.255,8192,14/05/99,ML Consultancy
212.83.224.0,212.83.255.255,8192,28/08/00,ML Consultancy
212.84.0.0,212.84.31.255,8192,30/09/98,KPN B.V.
212.84.128.0,212.84.159.255,8192,14/04/03,Solcon Internetdiensten B.V.
212.92.64.0,212.92.95.255,8192,14/01/99,ZeelandNet BV
212.104.192.0,212.104.223.255,8192,10/06/99,Infracom Holding B.V.
212.104.240.0,212.104.255.255,4096,10/06/99,Infracom Holding B.V.
212.114.96.0,212.114.127.255,8192,28/05/10,BIT BV
212.115.192.0,212.115.223.255,8192,14/07/99,ZeelandNet BV
212.120.64.0,212.120.127.255,16384,28/01/99,Ziggo B.V.
212.121.96.0,212.121.127.255,8192,28/09/09,Routit BV
212.123.128.0,212.123.159.255,8192,29/12/98,KPN B.V.
212.123.160.0,212.123.191.255,8192,08/03/99,KPN B.V.
212.124.64.0,212.124.95.255,8192,18/01/99,Systemec BV
212.125.128.0,212.125.159.255,8192,29/12/98,Cubic Circle B.V.
212.127.128.0,212.127.255.255,32768,19/11/98,Ziggo B.V.
212.136.0.0,212.136.255.255,65536,04/11/98,Verizon Nederland B.V.
212.142.0.0,212.142.63.255,16384,10/02/99,Ziggo Services B.V.
212.153.0.0,212.153.255.255,65536,08/04/99,Verizon Nederland B.V.
212.165.64.0,212.165.127.255,16384,27/09/02,Inmarsat Solutions B.V.
212.178.32.0,212.178.63.255,8192,23/06/99,Ziggo Services B.V.
212.178.64.0,212.178.127.255,16384,23/06/99,Ziggo B.V.
212.178.128.0,212.178.159.255,8192,23/06/99,Ziggo B.V.
212.178.192.0,212.178.223.255,8192,23/06/99,Ziggo B.V.
212.182.128.0,212.182.159.255,8192,10/01/01,KPN B.V.
212.182.160.0,212.182.191.255,8192,02/07/03,KPN B.V.
212.187.0.0,212.187.127.255,32768,26/05/99,Ziggo Services B.V.
212.189.0.0,212.189.127.255,32768,26/05/99,KPN B.V.
212.203.0.0,212.203.31.255,8192,08/08/00,Ziggo B.V.
212.204.128.0,212.204.191.255,16384,29/06/99,Ziggo B.V.
212.204.192.0,212.204.223.255,8192,01/07/99,KPN Internedservices B.V.
212.204.224.0,212.204.255.255,8192,18/02/00,KPN Internedservices B.V.
212.206.0.0,212.206.255.255,65536,27/03/98,Verizon Nederland B.V.
212.238.0.0,212.238.255.255,65536,28/04/98,Xs4all Internet BV
212.241.32.0,212.241.63.255,8192,05/09/00,KPN B.V.
213.10.0.0,213.10.255.255,65536,20/09/99,KPN B.V.
213.17.0.0,213.17.127.255,32768,19/11/99,Euronet Communications B.V.
213.34.0.0,213.34.31.255,8192,16/09/99,Ziggo Services B.V.
213.34.32.0,213.34.63.255,8192,16/09/99,Quality Service Provider BV
213.34.64.0,213.34.95.255,8192,16/09/99,Ziggo B.V.
213.34.96.0,213.34.127.255,8192,16/09/99,Ziggo B.V.
213.34.128.0,213.34.159.255,8192,16/09/99,Vodafone Libertel B.V.
213.34.160.0,213.34.191.255,8192,16/09/99,Ziggo B.V.
213.34.224.0,213.34.255.255,8192,16/09/99,ZeelandNet BV
213.46.0.0,213.46.255.255,65536,08/11/99,Ziggo Services B.V.
213.51.0.0,213.51.255.255,65536,25/01/00,Ziggo B.V.
213.53.0.0,213.53.255.255,65536,20/12/99,Verizon Nederland B.V.
213.73.128.0,213.73.255.255,32768,28/08/00,Ziggo B.V.
213.75.0.0,213.75.255.255,65536,06/04/00,KPN B.V.
213.84.0.0,213.84.255.255,65536,29/03/00,Xs4all Internet BV
213.93.0.0,213.93.255.255,65536,09/05/00,Ziggo Services B.V.
213.109.112.0,213.109.127.255,4096,09/09/09,
213.124.0.0,213.124.63.255,16384,16/09/99,Ziggo B.V.
213.124.64.0,213.124.127.255,16384,16/09/99,Ziggo B.V.
213.124.128.0,213.124.159.255,8192,16/09/99,Ziggo B.V.
213.124.160.0,213.124.191.255,8192,16/09/99,Ziggo Services B.V.
213.124.192.0,213.124.255.255,16384,16/09/99,Ziggo Services B.V.
213.125.0.0,213.125.127.255,32768,16/09/99,Ziggo B.V.
213.125.128.0,213.125.191.255,16384,16/09/99,Ziggo B.V.
213.125.192.0,213.125.255.255,16384,16/09/99,Ziggo B.V.
213.126.0.0,213.126.63.255,16384,16/09/99,Ziggo B.V.
213.126.64.0,213.126.95.255,8192,16/09/99,Ziggo B.V.
213.126.96.0,213.126.127.255,8192,16/09/99,Ziggo B.V.
213.126.128.0,213.126.255.255,32768,16/09/99,Ziggo Services B.V.
213.127.0.0,213.127.255.255,65536,16/09/99,Ziggo Services B.V.
213.129.192.0,213.129.223.255,8192,01/05/00,Plex Elektronische Informatie
213.130.160.0,213.130.191.255,8192,22/02/01,KPN Internedservices B.V.
213.132.160.0,213.132.191.255,8192,28/01/03,Ziggo B.V.
213.132.192.0,213.132.223.255,8192,12/04/00,CJ2 Hosting B.V.
213.133.32.0,213.133.63.255,8192,13/10/00,KPN Internedservices B.V.
213.134.224.0,213.134.255.255,8192,08/08/02,Solcon Internetdiensten B.V.
213.136.0.0,213.136.31.255,8192,09/12/99,BIT BV
213.144.224.0,213.144.255.255,8192,09/01/03,Routit BV
213.148.224.0,213.148.255.255,8192,21/01/03,KPN B.V.
213.152.160.0,213.152.191.255,8192,09/07/10,Global Layer B.V.
213.154.224.0,213.154.255.255,8192,29/01/03,BIT BV
213.156.0.0,213.156.15.255,4096,13/12/99,Nextpertise B.V.
213.156.16.0,213.156.31.255,4096,13/12/99,Computest Services B.V.
213.160.192.0,213.160.223.255,8192,10/04/00,Ziggo Services B.V.
213.162.160.0,213.162.191.255,8192,10/05/01,
213.163.64.0,213.163.95.255,8192,12/11/08,i3D.net B.V
213.169.192.0,213.169.223.255,8192,04/05/00,GTT Netherlands B.V.
213.169.224.0,213.169.255.255,8192,08/05/01,GTT Netherlands B.V.
213.171.64.0,213.171.95.255,8192,31/03/00,A1 Internet BV
213.171.128.0,213.171.159.255,8192,11/12/07,Sentia Netherlands BV
213.173.96.0,213.173.127.255,8192,08/11/02,
213.174.128.0,213.174.159.255,8192,17/01/08,DataWeb Global Group B.V.
213.179.192.0,213.179.223.255,8192,17/03/10,i3D.net B.V
213.184.96.0,213.184.127.255,8192,22/11/02,CAIW Diensten B.V.
213.187.128.0,213.187.159.255,8192,18/02/00,Globecomm Europe B.V.
213.189.0.0,213.189.31.255,8192,05/01/00,Reasonnet IP Networks B.V.
213.193.208.0,213.193.223.255,4096,28/06/02,True B.V.
213.196.0.0,213.196.63.255,16384,08/09/99,Servers.com B.V.
213.197.0.0,213.197.63.255,16384,02/12/99,KPN B.V.
213.197.192.0,213.197.255.255,16384,08/10/02,KPN Internedservices B.V.
213.201.128.0,213.201.159.255,8192,09/06/00,GTT Netherlands B.V.
213.201.160.0,213.201.191.255,8192,04/07/01,GTT Netherlands B.V.
213.201.192.0,213.201.255.255,16384,18/03/02,GTT Netherlands B.V.
213.204.192.0,213.204.255.255,16384,24/10/02,Stipte B.V.
213.206.64.0,213.206.127.255,16384,01/12/00,KPN Internedservices B.V.
213.206.192.0,213.206.255.255,16384,14/02/08,ML Consultancy
213.207.0.0,213.207.31.255,8192,13/03/00,Broadband Hosting B.V
213.207.64.0,213.207.127.255,16384,30/03/05,ML Consultancy
213.214.96.0,213.214.127.255,8192,12/03/03,Sentia Netherlands BV
213.222.0.0,213.222.31.255,8192,04/11/99,Xs4all Internet BV
213.227.128.0,213.227.159.255,8192,21/07/00,LeaseWeb Netherlands B.V.
213.233.192.0,213.233.255.255,16384,15/05/03,Solcon Internetdiensten B.V.
213.236.64.0,213.236.127.255,16384,23/02/01,
213.239.0.0,213.239.63.255,16384,28/02/00,Coolwave Communications B.V.
213.239.128.0,213.239.191.255,16384,19/09/00,True B.V.
213.247.32.0,213.247.63.255,8192,02/04/03,Reasonnet IP Networks B.V.
213.247.64.0,213.247.127.255,16384,17/03/09,Routit BV
213.249.64.0,213.249.95.255,8192,20/01/06,Metaregistrar B.V.
216.172.64.0,216.172.79.255,4096,07/07/11,Expereo International BV
217.8.96.0,217.8.111.255,4096,02/08/00,InTouch N.V.
217.17.128.0,217.17.143.255,4096,14/09/00,Esprit Telecom B.V.
217.18.64.0,217.18.79.255,4096,18/09/00,Qweb Internet Services B.V.
217.19.16.0,217.19.31.255,4096,21/01/03,Legaco Networks B.V.
217.21.192.0,217.21.207.255,4096,27/03/09,OSSO B.V.
217.21.240.0,217.21.255.255,4096,12/02/03,Signet B.V.
217.23.0.0,217.23.15.255,4096,04/02/09,WorldStream B.V.
217.26.96.0,217.26.111.255,4096,07/06/10,KPN B.V.
217.26.112.0,217.26.127.255,4096,22/04/03,Internet Unie Services B.V.
217.27.224.0,217.27.239.255,4096,13/10/08,DataDiensten Fryslan B.V.
217.62.0.0,217.62.255.255,65536,23/11/00,Ziggo B.V.
217.63.0.0,217.63.63.255,16384,23/11/00,Ziggo B.V.
217.63.64.0,217.63.95.255,8192,23/11/00,ZeelandNet BV
217.63.128.0,217.63.191.255,16384,23/11/00,Ziggo Services B.V.
217.63.192.0,217.63.255.255,16384,23/11/00,Ziggo B.V.
217.67.224.0,217.67.239.255,4096,13/11/00,Within Reach Group B.V.
217.67.240.0,217.67.255.255,4096,05/12/03,Within Reach Group B.V.
217.68.48.0,217.68.63.255,4096,07/07/03,Gemeente Den Haag
217.70.208.0,217.70.223.255,4096,01/08/03,NETAPP Holding and Manufacturing BV
217.75.32.0,217.75.47.255,4096,22/12/00,voorziening tot samenwerking Politie Nederland
217.76.16.0,217.76.31.255,4096,19/08/03,Teleplaza Networks BV
217.77.128.0,217.77.143.255,4096,04/12/00,Luna.nl B.V.
217.77.144.0,217.77.159.255,4096,11/09/01,Luna.nl B.V.
217.78.240.0,217.78.255.255,4096,04/11/03,
217.79.240.0,217.79.255.255,4096,18/02/09,
217.100.0.0,217.100.127.255,32768,05/12/00,Ziggo B.V.
217.100.128.0,217.100.191.255,16384,05/12/00,Ziggo B.V.
217.100.192.0,217.100.255.255,16384,05/12/00,Ziggo B.V.
217.101.0.0,217.101.255.255,65536,05/12/00,Ziggo B.V.
217.102.0.0,217.102.127.255,32768,05/12/00,Ziggo Services B.V.
217.102.128.0,217.102.191.255,16384,05/12/00,Ziggo B.V.
217.102.192.0,217.102.223.255,8192,05/12/00,Ziggo B.V.
217.102.224.0,217.102.239.255,4096,05/12/00,Ziggo B.V.
217.102.240.0,217.102.255.255,4096,05/12/00,ZeelandNet BV
217.103.0.0,217.103.255.255,65536,05/12/00,Ziggo Services B.V.
217.104.0.0,217.104.127.255,32768,05/12/00,Ziggo B.V.
217.104.128.0,217.104.255.255,32768,05/12/00,Ziggo Services B.V.
217.105.0.0,217.105.63.255,16384,05/12/00,Ziggo Services B.V.
217.105.64.0,217.105.127.255,16384,05/12/00,Ziggo B.V.
217.105.128.0,217.105.191.255,16384,05/12/00,Ziggo B.V.
217.105.192.0,217.105.223.255,8192,05/12/00,Ziggo B.V.
217.105.224.0,217.105.255.255,8192,05/12/00,Ziggo Services B.V.
217.112.112.0,217.112.127.255,4096,23/10/03,Esprit Telecom B.V.
217.114.96.0,217.114.111.255,4096,25/01/01,Virtu Secure Webservices B.V.
217.115.192.0,217.115.207.255,4096,05/02/01,KPN Internedservices B.V.
217.115.224.0,217.115.239.255,4096,05/02/01,Capgemini Nederland B.V.
217.117.224.0,217.117.239.255,4096,08/02/01,Utelisys Communications B.V.
217.118.160.0,217.118.175.255,4096,13/02/01,RTL Nederland B.V.
217.119.0.0,217.119.15.255,4096,13/02/01,Lubbers Box Telematica BV
217.119.224.0,217.119.239.255,4096,16/02/01,Root B.V
217.120.0.0,217.123.255.255,262144,19/12/00,Ziggo B.V.
217.140.0.0,217.140.15.255,4096,07/02/01,
217.140.16.0,217.140.31.255,4096,05/03/01,
217.140.32.0,217.140.63.255,8192,02/03/01,
217.148.16.0,217.148.31.255,4096,26/05/04,ENGIE Services Zuid BV
217.148.80.0,217.148.95.255,4096,26/05/04,KPN Internedservices B.V.
217.148.160.0,217.148.175.255,4096,06/03/01,We Dare B.V.
217.148.176.0,217.148.191.255,4096,07/11/03,We Dare B.V.
217.149.32.0,217.149.47.255,4096,09/03/01,SprintLink Netherlands B.V.
217.149.64.0,217.149.79.255,4096,12/03/01,KPN Internedservices B.V.
217.149.128.0,217.149.143.255,4096,07/07/09,Signet B.V.
217.149.192.0,217.149.207.255,4096,12/03/01,Tele2 Nederland B.V.
217.149.208.0,217.149.223.255,4096,05/08/02,Tele2 Nederland B.V.
217.166.0.0,217.166.255.255,65536,06/04/01,KPN B.V.
217.169.224.0,217.169.239.255,4096,27/03/01,Defensie Telematica Organisatie
217.170.0.0,217.170.15.255,4096,27/03/01,Broadband Hosting B.V
217.170.16.0,217.170.31.255,4096,24/04/03,Broadband Hosting B.V
217.194.16.0,217.194.31.255,4096,14/09/04,Portavita B.V.
217.194.96.0,217.194.111.255,4096,19/04/01,KPN Internedservices B.V.
217.194.112.0,217.194.127.255,4096,01/05/03,KPN Internedservices B.V.
217.195.112.0,217.195.127.255,4096,30/09/04,Vellance B.V.
217.195.224.0,217.195.239.255,4096,24/04/01,GTT Netherlands B.V.
217.195.240.0,217.195.255.255,4096,14/08/02,GTT Netherlands B.V.
217.196.32.0,217.196.47.255,4096,25/04/01,TMG Digital B.V.
217.198.16.0,217.198.31.255,4096,03/11/04,in2ip B.V.